Delay,Open Liberty,Tomcat,Wildfly,Undertow
,,,,
50ms,9.613514096,-0.879990305,-0.296845314,-0.307879577
100ms,15.16958686,2.217824987,-0.346397601,-0.008199111
200ms,17.28035248,-0.101020683,0.873408958,-0.080498463
500ms,13.12832781,0.61046571,-0.79582013,0.142231538
1000ms,7.904386264,-0.210980355,0.241073756,1.314438283
1500ms,5.717689239,1.163374623,2.030751378,
2000ms,4.177344563,-0.352494577,0,
2500ms,3.052217297,0.873851669,0.117370892,
3000ms,2.175803865,5.486659151,,
